Index,Text,Label
1_1,也许是因为高速路上断裂的树木并没有真正妨碍到交通或者其他居民所以这些地方也从没人专门去清理过但这些痕迹却让我感受到了台风过境的痕迹,1
1_2,台风后和邻居积极参与道路清障垃圾清运等灾后恢复工作,1
1_4,在破窗修复之际新窗材质的选择也反映了市民对于气候变化的意识和看法,1
1_5,世茂服务南部区域海南项目遭受重创但物业团队迅速响应台风前全面防御期间小时值守灾后迅速恢复他们抢修设备恢复供水供电修复公共区域设施展现专业素养和责任心业主利益至上物业团队筑起防线多位业主也积极支援共建美好家园ITBEAR,1
1_6,台风贝碧嘉登陆常州市这是饼干经历的最大一场台风大部分地区出现到级阵风级的大风并有中到大雨局部暴雨爸爸在火车站工作妈妈在家陪着饼干‌早上一起床大家都惊呆了小区里就像被原子弹炸过一样很多树被连根拔起饼干非常好奇感叹大自然的力量 ,1
1_7,许昌禹州鹤壁淇县新乡辉县等地出现级大风其中许昌禹州卧龙岗以每秒近米的级风力冠绝全省妖风肆虐堪比台风登陆​​​,1
1_9,如果有人好奇经历过自然灾害后几个月没人管的地方是什么样的,1
1_10,台风后第一骑带大家看看战损版陆家嘴​,1
1_11,今天就是那个为细胞冲锋的勇士,1
1_12,好难过我真的会为倒了几颗树而流泪直击级台风贝碧嘉破坏力 ​,1
1_13,风雨无阻今天布老师也努力工作了呜呜呜路上的积水滂臭把我的脚都泡臭了不会得脚气吧,1
1_14,傍晚雨停后下楼带着贝贝转了一圈遍地是贝碧嘉留下的痕迹折断的树杈也已被物业锯了下来等着环卫收走呢,1
1_15,直击级台风贝碧嘉破坏力 本小区邻街商户拍到的景象上海一路超话上海身边事,1
1_16,太仓浏河监测到级风量太仓目前很多地方停电电信网络很差估计离我最近的基站出问题了直击级台风贝碧嘉破坏力 ​,1
1_17,第一次经历台风好多树连根拔起上海 ​,1
1_18,台风过后有种劫后重生的错觉上一回体验停电还是在课堂上的电量带来满满安全感希望明天快快来电,1
1_19,室外狂风暴雨室内热气蒸腾就想问还有什么比在台风天窝在家整一顿顿热气腾腾的火锅更爽的事情呢,1
1_20,被台风天扰乱行程的一天,1
1_21,邻居说小区一共倒了棵树,1
1_22,上海建国西路上吹倒的大树,1
1_23,贝碧嘉登陆直击级台风贝碧嘉破坏力上,1
1_25,外卖停掉高速封掉客运停掉,1
1_26,随处可见都是被吹倒的,1
1_27,台风的破坏力太大了大家尽量少出门恶劣天气一定注意安全,1
1_28,看见风雨中飘摇的玉兔圆月才想起来明天是中秋节一丝安慰好在台风贝碧嘉的风雨影响傍晚起逐渐减弱明天还是有希望看到圆月的,1
1_29,好恐怖这种时候就老实待在家里吧,1
1_30,看基友说上海台风把树吹断了在江苏也大展神威体感杭州还行就是雨有点大,1
1_31,台风过后的上海这边离台风中心还很远就破坏力惊人了​,1
1_32,上午撑着伞去门口超市买调料外面狂风大作细雨倾泄栾树花和树叶零落在地顺着雨水漂流共享单车电瓶车电动三轮车被掀翻在地环卫工人披着橙色雨披推着推车仍在劳作路上汽车和行人稀少沿街商铺门可罗雀,1
1_33,太吓人了今天真的不要出门啊,1
1_34,昆山融媒记者黄春宇现场报道月日上午昆太路翠微路有部分树木折断要警惕台风导致的强风雨,1
1_35,注意安全愿平安,1
1_36,摩羯真讨厌我指的台风​,1
1_37,自然总是给我们以惊奇它就在那里不管是好的坏的等你发现就好,1
1_38,海南岛北部被台风摩羯肆虐在各方人员的努力下这两天海口主城区大部分地方都来电了可是农村老家至今没水没电没网电话也打不通去镇上的路也是村民自己开路电线路至今没有来看过电线已经被吹倒的树压的乱七八糟,1
1_39,台风魔羯过后深海养殖的无助魔羯台风养殖自然灾害台风摩羯强度到底有多大深海养殖无助海甘草三刀红鱼石斑鱼珍珠龙胆青斑全部死完损失千万一条不剩天天都在海里喂鱼没有一天是放松的没有一个年头是可以吃上团圆饭的人永远不齐在天灾面前我们显得那么苍白无力无助,1
1_40,台风吹的倒的倒歪的歪果子掉落一地损失好大农业农业种植,1
1_41,我们门口红绿灯成这样了 但还在努力工作哈哈,1
1_42,宝山密山路,1
1_43,和我们驾校有一拼,1
1_44,刚才还看到有人说杨浦清理的慢效率没有虹口高把这个文章推给他这是什么程度受灾,1
1_45,感觉好多树只是歪了并没有直接拔起来这种应该还能再种吧,1
1_46,看到了我的宿舍,1
1_47,风太大我去整个小区全是树枝和树叶,1
1_48,我擦好担心我的车,1
1_49,我理我理我理,1
1_50,我这里像被屁崩了一下一样,1
1_51,我店里门吹掉啦,1
1_52,顾村公园有些树都倒了,1
1_53,新江湾,1
1_54,湘乡小羊 这真的出的了门吗,1
1_55,是上理伐学校塌啦,1
1_56,我们这边还好不是很严重,1
1_57,浦东源深路张杨路满地树叶断支还有不少梧桐树整棵倒了,1
1_58,我们小区楼下坐标松江,1
1_59,我们小区也是洋浦不是很严重哈哈哈哈哈,1
1_60,外面倒了很多树,1
1_61,目前外风圈还不到级就把树连根拔起后面内圈只会越来越强,1
1_62,早起准备去沙滩捡捡贝壳结果到了沙滩全是木头很大的木头,1
1_63,台风过后的狼藉飓风黄金海岸飓风,1
1_64,中午前后台风过境时狂风暴雨很是吓人台风过后出门遛弯很多路边小树被连根拔起有些惨,1
1_65,估计环卫工人还没时间捡海滩上的垃圾路边枯黄的树枝也都没清理完主要是随意丢垃圾的人太讨厌了一点都不自觉,1
1_66,很多断枝有的树被连根拔起我拍下的今日天空台风贝碧嘉台风过境后,1
1_67,我家除了漏水什么都没事,1
1_68,乌本桥前面出现一定塌陷木质桥墩有些歪了石头桥墩也有些落水村民说现在已经不让走了,1
1_69,今天回公寓收拾点东西顺便拍了照片发给房东停水停电只能从逃生楼梯爬回层收拾行李时顺便拍了照片主要在过道及逃生楼梯阳台还有阳台外墙的柱子损坏比较严重自己家里就是入户的墙壁裂缝比较大房间厕所都没有任何裂缝不知道为啥到了家里总感觉房子是倾斜的用了水平仪测量了一下也没有倾斜可能心理作用,1
1_70,我们公寓的说已经检查过建筑结构没有任何影响但是住户都在不停的搬离我也不知道这个检测是否合规刚回家收拾东西看到这么大的裂缝跟我说没有任何影响我也不敢住啊,1
1_71,终于熬了一晚上回去睡觉了感觉有床睡有饭吃的日子真好你们睡了吗,1
1_72,回了在一楼大厅折腾了一晚刚才回楼房间洗了个澡躺床上了突然觉得以前觉得无聊的日子就是最幸福的事,1
1_73,这是辉煌那个chapter吗我朋友住楼好像一点都没裂我今天还在夸这个开发商还不错楼质量可以,1
1_74,缅甸级地震云南昆明震感强烈不知道是墙体质量太差还是震感太强晚上回到家居然发现墙体明显裂开了直接漏出里面的混凝土墙面了,1
1_75,在瑞丽旅游缅甸大地震时正在瑞丽傣王宫大殿内突然大殿屋顶咯吱咯吱响随后大殿整体晃动地面上下波动起伏金塔上的风铃叮叮当当当意识到是地震跑出大殿时一切又趋于平静过了一会儿再次晃动了一小下,1
1_76,关于级风你们家附近都怎么样了,1
1_77,露台最怕的风呀还要吹多久,1
1_78,昨天下午风好大我傍晚去露台看看好像还好今天刷到你的吓得我赶紧起床去查看,1
1_79,看着心碎我们今晚也是有大风我已经搬到洗衣房避风了地栽的和搬不动的就随缘了,1
1_80,你还把花盆放栏杆上我这肯定不敢要么都爱着墙放放外边的话就挨着放一块但是也没法保证不被吹翻,1
1_81,我们这也有风但是没那么夸张啊但是露台也很惨,1
1_82,领居家俩个太阳能都被吹下来了听见窗外巨响玻璃炸裂的声音以为是窗户挂下来了没想到俩个太阳能都掉了这么多年一直都好好的今天的风真的好大,1
1_83,然而公司群依旧没有发任何延迟上班或者调休的通知只让我们注意安全大风我的城市刮起了大风,1
1_84,夜砍树清障的园林工人抢修道路的应急队小时待命的消防员正是这些身影守护着城市安全,1
1_85,转发提醒身边人特殊时期咱们一起扛,1
1_86,不知道为什么总有人阴阳怪气说风没那么大我在北京,1
1_87,我总觉得不是风大是北京太干树木太容易吹断了而且城市化导致这些植物根本扎根不深,1
1_88,三轮都掀翻了我昨晚还在想这么大掀不翻吧,1
1_89,家门口的树,1
1_90,也不是说风不大就是在屋里听吹玻璃的声音没有三月那会儿夜里听着风大似的不知道是风向问题么,1
1_91,这怎么好像我家楼下物美门口吗,1
1_92,群里同乡发的,1
1_93,我们在海淀真的没有很大风,1
1_94,这个树是因为不太行了你看树干那里应该是生病了很薄这种树扛不住风会拦腰断裂未雨绸缪最好的解决方法就是砍掉当这种树能在狂风前被清除说明找个地方的政府有在干实事,1
1_95,这树感觉像摆进去的怎么根都没有啊,1
1_96,风真的很大楼顶不知道谁家的太阳能都被吹掉下来了,1
1_97,路牌都倒了,1
1_98,以前说没有感受到台风天的北方人也是感受到了,1
1_99,上海商场里的树也倒下了,1
1_100,这不是风的问题这是树和地面的问题马路都把树根封闭了,1
1_101,有的树品种不耐风的我们小区折了几颗了都,1
1_102,从浙江来的最知道大风台风是什么样其实这次风真的不大只是北京之前没有经历过不知道怎么做防护措施平时种树啥的也不会考虑到这个层面,1
1_103,旁边小区的外立面,1
1_104,我的大柳树兄弟啊,1
1_105,我的童年回忆啊就这么倒了,1
1_106,天呐居然会被刮成这样,1
1_107,门头沟那边很猛这么粗的树直接被风劈开了,1
1_108,确实很大但应该没有级看小区围墙,1
1_109,安华桥去年大风就倒了好几棵树,1
1_110,这个大树扛了一夜终于还是倒了,1
1_111,大家谁有车在一区北边这个停车场停的赶紧挪一下吧,1
1_112,我的摩托车倒了刚想骂骂咧咧看到小区的车翻了就不想骂了,1
1_113,北航的保安亭倒了,1
1_114,今天的风还真没月日的大,1
1_115,看着这么粗的树刮断‍,1
1_116,石家庄也有大风,1
1_117,阵风大到离谱,1
1_118,大哥很惆怅,1
1_119,南环大桥西侧十字路口,1
1_120,上了个班路上还被树砸了牛马太惨了,1
1_121,这种算啥有啥福利可以给报销和补偿不,1
1_122,公司树倒了红圈是我的电动车全靠隔壁电动车撑着我的车直接从缝里掏出来的差点下班失败,1
1_123,就是这玩意吹到大马路上堵了三车道生生给我干迟到了,1
1_124,能看出来吗别的视频里录下来的大棚子就卖衣服用的那个,1
1_125,特么一休息天儿就大风一上班天就特好,1
1_126,东土城路怡和阳光大厦门口的公交站,1
1_127,天津的风也不小级,1
1_128,昨天的天气预报说今天是二级风所以我想把事情安排在今天出门结果早上起来被呜呜的风刮醒之后我想今天也不能去了那改明天去吧天气预报到底算不算数,1
1_129,在另一个贴子里看到了应该是同一个姑娘,1
1_130,我车身妥妥被移动的那种挡车架子铝还是铁的刮了近长厘米的划痕,1
1_131,今天的风真的太大了在外面走感觉好危险,1
1_132,大连刮风的时候经常见这样,1
1_133,我说怎么金安桥那儿这么堵呢,1
1_134,河北的风,1
1_135,我记得小时候学过有多高根就有多深现在的树根呢,1
1_136,海淀树也倒了,1
1_137,丽泽那边树也倒了,1
1_138,学苑车全倒了,1
1_139,货车凭一己之力接住了,1
1_140,我们这边的树也被刮倒了好吓人,1
1_141,还没来得及赏花呢树都吹秃了,1
1_142,这是郑州东站附近今天早上上班拍的连着刮倒了三棵,1
1_143,我们小区的墙皮,1
1_144,我们租户的广告顶棚铁皮飞向了奔驰轿车,1
1_145,已经飞了一块板了,1
1_146,这么弄个外接笼子似的防护栏很讨厌还有很对往里面堆东西没有公德心容易起火和往下掉,1
1_147,我们前面门帘房顶铁皮子昨天哗啦哗啦一晚上,1
1_148,我们树吹倒了,1
1_149,大家真的哪都不要去了哪怕出门扔个垃圾都要小心再小心,1
1_150,一大早还没睡醒就被敲门吵醒原来是物业敲门说空调外机护栏被刮脱落随时可能掉落他们想了很多办法也无法解决只好麻烦民警和消防员‍,1
1_151,我们小区的树特仁义倒在了绿化带里,1
1_152,今天风比昨天大且更冷可以穿羽绒服了,1
1_153,关着窗户没感觉风很大下楼看到倒了一些树,1
1_154,我觉得今天的风真的挺大的比昨天的大大树倒啦,1
1_155,垃圾桶都被吹开了,1
1_156,北京日渐恶劣的气候环境和天天刮大风干燥灰尘多已经让我的皮肤和健康频繁亮红灯拜耳的皮肤膏不知道用了多少管实在实在受不了了受不了我从轻微洁癖到现在强迫症一样的需要天天擦桌子洗衣服你不知道家里布满灰尘土味是有多么脏进屋桌上一层土啊崩溃了家里的空气净化三个月换芯都是黄的怎么可能有健康,1
1_157,小区里的树,1
1_158,我们小区的树也吹倒了,1
1_159,保定,1
1_160,昨天我们这里从来没被淹过的地方都被淹了虽然积水不多,1
1_161,过去小时主城区中部出现短时强降水小时最大兩强毫米双闸街道小时内毫米以上的大兩区在建邺雨花台玄武秦淮等区预计未来小时较大雨区仍在建邺雨花台玄武秦淮等区但雨势有所减弱六合西南部浦口中部江宁西部兩势将明显加强,1
1_162,从稚山路走到龙船坪小区蹚水走到南溪山公园才最终离开涨水区终于自救成功顺利打车回家希望洪水早点退去,1
1_163,希望能早日恢复正常的生活秩序,1
1_164,雨都停了很久了原先的玉米地还是像一片连着一片的湖很多道路还是被淹着我们涉水过一条路时候车胎被扎坏了,1
1_165,真的太难了,1
1_166,昨天的石狮,1
1_167,泉州应该也是一个绿化很好的城市也很有老城的韵味感觉我会很喜欢这里希望泉州早日恢复有计机会去看看,1
1_168,开元寺还好,1
1_169,美食街的树倒了,1
1_170,真的好可惜月初刚去的泉州对泉州的建筑和古树都感觉超喜欢一个特别有魅力文化又很融合的城市没想到这次台风把这些古树吹倒了真的好可惜啊,1
1_171,台风无情华园有情自然灾害难以阻挡所幸我们众志成城团结一致感谢所有华大人的辛苦付出是你们的无私奉献让华园依然屹立卓然,1
1_172,在灾后校园里安保人员绿化工作人员学校师生等齐心协力清理垃圾搬运树枝抢救花木重建华园,1
1_173,灾后重建依然在持续部署和不断攻坚中望我们携手努力让满目疮痍的华园重焕生机与活力加油全体华大人,1
1_174,杜苏芮没有正面袭击厦门但是厦门的风雨还是大的不行很多树木都倒了,1
1_175,昨晚的暴雨导致小区门口积水了还好只是淹到脚踝大家出门小心,1
1_176,院子里的花盆被风吹倒了小区的老树也倒了还好房子没事收拾一下就好,1
1_177,路边有几棵树被风吹歪了市政工人正在处理交通没受影响,1
1_179,台风过后家门口的广告牌被吹歪了物业说今天会修,1
1_180,小区的绿化树断了几根树枝已经清理干净了,1
1_181,雨棚被风吹掉了幸好没砸到人已经联系师傅来装了,1
1_182,墙上出现了一条小裂缝不知道严不严重准备找人来检查,1
1_183,后山有少量泥土滑下来但没影响到房子村里正在加固,1
1_184,台风过后路边的交通标志牌被吹歪了但还能看清交警已经来检查了,1
1_185,公交站台的广告布被撕开了一个角风一吹哗啦响等车有点吵,1
1_187,邻居家的空调外机挡板掉了幸好没砸到人,1
1_188,台风过后公园满地落叶断枝护林员有序紧张的清理着公园也慢慢恢复生机晨练的人越来越多静静的接纳今日的阳光,1
1_189,装修还未入住一直担心花园排水和窗户是否OK还好只有一扇窗户有渗水进来其他都没事,1
1_190,我们小区内部和门外道路昨天清理出来了男女老少齐上阵,1
1_191,小朋友老人都出来帮忙挪树枝全民行动,1
1_192,我们也是帮不了大忙大家一起拖树枝,1
1_198,今天一早就听到了熟悉的油锯锯树的声音想着是不是昨夜的狂风大雨又撂倒一批树一看果然如此好不容易在月末风雨中幸存下来的树又倒下不少,1
1_199,昨天去了圆明园南门进入藻园门出的即使已经过去两天一路上还是看到很多没来得及处理的残枝断木可以想象当天狂风带来的破坏后果有多严重,1
1_200,去公园逛了一圈几十年树龄的大树也刮断了～向日葵给风刮的下了腰木瓜园里满是风吹落的木瓜甜香甜香的,1
1_201,屋内屋外是两个世界雨停后到外面逛了一圈合抱之木也被拦腰折断,1
1_202,台风天充满了期待结果没感觉就没了本来说是建国以来最强台风那期待风声雨声声声入耳希望在家看大雨滂沱怎么也得一两天结果三四个小时就走了这些树倒掉也是因为绿化带的树根基不牢靠而已,1
1_203,公园门被台风封印了几十年的老柳树断了个大丫杈,1
1_204,坐标浙大今天的大风导致大草坪上的一颗柳树直接拦腰折断太惨啦,1
1_205,影响还是很大的住所附近新建的公园树木倒了不少工人已经把大路上的倒树清理了正在清理小路上的和加固有危险的树木,1
1_206,本来想晨跑五公里准备周日跑个半马但发现台风后小区还是有受损未清理,1
1_207,我们小区二十多年的松树也倒了唉树太大了一个镜头都装不进去,1
1_208,经历了上海年一遇的台风贝碧嘉大自然的力量真是太可怕了看着窗外狂风呼啸群树乱舞人类实在是太渺小了,1
1_209,台风过后的校园绿油油的一地躺满了树木的残枝落叶有点像森林公园经历过大风大雨的植物都好样的都是有韧性的宝宝,1
1_210,台风过后到处都是折断的树枝空气中有股清新的独属于树木的绿色味道,1
1_211,突然一场大风过后一棵大树压断了腰原来不是所有树都可以被古树名木保护条例所保护这棵几十年的柳树明显早已朽烂,1
1_212,午后阳光越发燥热仿佛昨日风雨肆虐只是一场幻觉几乎所有树木都被扒了一层皮,1
1_213,小区辛辛苦苦种的树被台风连根拔了不下十棵树枝折断的那是数不胜数想说这算不算是轻的了你们那还好吗,1
1_214,狂风暴雨下的昆山随处可见连根拔起的大树真可怕台风江浙沪,1
1_215,今天去小区看了一眼倒的树物业都不扶一下看来是在等下一波的台风袭击,1
1_217,小区的围墙都被干倒了人行道上满是树枝出门一趟有种障碍跑即视感,1
1_218,周六去渤公岛数树数那些被台风卷倒的树没数清,1
1_219,今天又去鼋头渚数了更惨不忍堵我都想大哭都是几十年的大树尤其是松柏,1
1_220,外机安装都不做固定吗这什么豆腐渣工程直接摆烂也不能害人看看楼上楼下的空调外机安装都有固定架就大金什么都没有,1
1_221,有户邻居空调外机掉落,1
1_222,今天刮大风楼下一辆车被风吹倒的工程围挡砸中了红薯们这样咋理赔呢走保险吗还是工程队赔偿呢,1
1_223,路边施工围挡倒了一片工地暂时停工修复,1
1_224,凱米颱風吹倒了馬路上的圍牆了,1
1_225,台风过境广告牌公共自行车基本四散飞舞马路上满是银杏树的白果绿化工人出动锯开断裂的大树可惜了那些比腰粗的河边柳,1
1_226,被台风贝碧嘉撕毁的围挡,1
1_227,点多接到物业电话说昨晚风太大刮了东西把车砸了砸成啥样也不说让自己去看瞬间脑补以为车都碎了,1
1_228,我的台风经历堪称传奇无法言说听了的都得说句惨,1
1_229,上海台风过境坐标浦东,1
1_230,昨日急风骤雨今天断壁残垣是谁冒着台风天依然坚持牛马上班是我就是我是谁大过节的依然不放假是我还是我,1
1_231,台风过境后的上海满地都是断枝残叶工作人员辛苦了,1
1_232,虽然魔都的结界被打破一路上也能看到台风的破坏力不过依然点赞市政速度机动车道和非机动车道上的障碍物都被清理到路边了拦路的大树干也被砍断确保了道路畅通辛苦假期为城市贡献的人们,1
1_233,台风过境后的上海小区现状树断了砸断了水龙头,1
1_234,随手一拍即是弯折的树但值得庆幸的是房屋没有损坏基础设施都还可以正常使用,1
1_235,骑着我的小毛驴四处转转湖边到处都是折断的树心里默默感慨这得需要多少人工来修复呀,1
1_236,破坏力巨大几乎每条街道都有被吹断的树木,1
1_237,台风贝碧嘉过境苏城街道上出现了许多断枝,1
1_238,苏州的满目疮痍也会很快的好起来吧毕竟这是一座很好的城市啊,1
1_239,之前每次台风过境苏州时总是雷声大雨点小但这次的贝碧嘉真的是给了点颜色看看不愧是年以来登陆上海的最强台风,1
1_240,小区里被拔起的树断掉的树还不少刚才看了妹妹学校的推文校园里也受了不少影响,1
1_241,这次的台风baby据说是年建国以来上海苏州地区经历的最高级别台风,1
1_242,台风的威力让我们感受到自然的强大但我们的团结将让我们更强大各级群众面对台风的挑战也展现出勇气和智慧共同守护着家园的安全,1
1_243,台风过后恰逢中秋佳节我们将一起拾掇残局团结一心守望相助共同战胜自然的力量向今天仍奋斗在一线的劳动者们致敬,1
1_244,早上出门吓了一跳路边好几棵树被风刮断了枝条环卫工人已经在清理了极端天气社区安全,1
1_245,狂风暴雨下的昆山随处可见连根拔起的树木真可怕台风江浙沪,1
1_246,昨夜的风力也太猛了吧小区西门入口有棵小树直接躺平了还好没砸到车自然灾害记录,1
1_247,坐标苏州昨天的贝碧嘉确实恐怖早上去时代广场走了一下星湖街的好多柳树都断了,1
1_248,台风贝碧嘉把好多树吹倒,1
1_249,上班路上发现民主路整排绿化树都在掉胳膊掉腿的园林局电话被打爆了吧,1
1_250,路上积水还是很深还有很多树断了路中间的护栏倒了,1
1_251,温馨提示步行经过中山公园南侧要当心树杈子掉得跟下饺子似的,1
1_252,我家门口成了树枝展览会这种程度应该不算严重吧,1
1_253,台风贝碧嘉过后的十全街吴衙场网红码头木秀于林风必摧之,1
1_254,昨天的台风大雨持续了一天真的是有点恐怖小区里的树倒下,1
1_255,邻居家小孩说街道变成了树枝迷宫形容得太贴切了哈哈台风过后,1
1_256,道路的栅栏全都倒了好整齐呀哈哈哈,1
1_257,台风过境晨跑发现公园指示牌躺平了这是暗示我今天该躺平吗,1
1_258,第二天台风走了出门一看惊呆了那么粗的树都被连根拔起以后再也不敢轻视台风大大了,1
1_259,台风贝碧嘉苏州现状树已断满地,1
1_260,台风过后的平江路雨停了平江路上到处都是树叶和断的树枝,1
1_261,台风过后墙面好多都脱落了台风来了平江路,1
1_262,台风洗劫过的平江路,1
1_263,出门抬头发现了蓝天白云昨天的狂风暴雨好似一场梦但是路上的小树杈子歪到一旁的小树还是有台风来过的痕迹希望大家都平平安安雨过天晴,1
1_264,我家门口成了树枝展览会这种程度应该不算严重吧,1
1_265,台风天是一面照妖镜小区质量好不好极端天气后就能看出来如图所示新小区交付一年不到经过一场台风就变成了这个样子业主表示很心痛,1
1_266,带着优雅的名字贝碧嘉台风粗暴的撕扯可及之物,1
1_267,梧桐树我裂开了jpg幸好只是细枝杈主干没事,1
1_268,晨跑路线被迫更改健身公园步道被倒伏的小树挡住希望尽快修复~,1
1_269,开车像考科目S弯建设路满地都是折断的树枝大家路过慢点啊,1
1_270,这些树都是新栽的倒了很正常几十年上百年的树没这么容易倒反正我小区周围树都没倒,1
1_271,发现有趣现象断枝基本都是朝东南方向昨晚的风向特征很明显呢,1
1_272,社区通知因树木清理作业号停车场暂停使用至周五轻度灾害应对,1
1_273,好奇这种程度的损害保险能赔吗,1
1_274,继昨天急风骤雨之后今天已晴空万里云卷云舒工人开始忙碌起来除了对灾情的惋惜以外甚至有一种涤荡人心一扫阴霾的轻松之感,1
1_275,骑车漕湖逛下台风过后好可惜那么大的树连根拔起,1
1_276,贝碧嘉走后全市绿化率倒退一成,1
1_277,午后阳光越发燥热仿佛昨日风雨肆虐只是一场幻觉几乎所有树木都被扒了一层皮尤其是胥浦河沿岸梧桐湖北海棠香樟雪松桑构柳断枝残叶七零八落,1
1_278,就我们这小区的街道落叶满地纷飞树枝弯下了腰绿化带的小花儿也低下了美丽的头所走的每一步都能感受到贝碧嘉带来的重创,1
1_279,街上环卫工人身披雨衣清扫地面捡树枝却仍被雨水打湿全身他们为了保障市民出行安全风雨无阻坚守在自己的岗位上看着这一幕我心头涌上一阵酸楚又心怀感恩之心,1
1_280,昨天开始天凉快下来了一早就来了十八湾吹吹风走走路意外的是路边没有大排长龙里面也没什么人保洁绿化工人还在打扫战场到处都是吹倒的树河堤护栏也都倒了,1
1_281,台风已经过了但是风还是很大雨没那么大了只是小雨预计再过两天就出了,1
1_282,蝴蝶台风过境三亚小区满地树枝,1
1_283,断枝插在路边像天然艺术品有人要办个风灾后现代展吗,1
1_284,此情此景谁能赋诗一首,1
1_285,自行车族请注意学院路辅道有隐蔽树枝已看到两起爆胎事件,1
1_286,三号路倒了三四棵梧桐树水杉林右侧倒了一颗左侧连倒棵,1
1_287,科普时间为什么幼树比老树更容易倒伏现场教学开始了,1
1_288,台风过后环卫工人在打扫战场,1
1_289,昨夜的风有点调皮路边小树歪了路牌也斜了但整体还算可控~,1
1_290,台风过后遍地梧桐树叶,1
1_291,坐标江宁区在空旷的地方好多树直接被吹倒了,1
1_292,台风过后的南京好多新种的树直接被连根拔起,1
1_293,轻度损伤的街道反而更有故事感——像被巨人轻轻摸过头顶,1
1_294,台风过后我走入了南理工水杉林仙境,1
1_295,行道树掉了一地头发环卫工扫得怀疑人生台风后遗症,1
1_296,台风贝碧嘉过后的南大台风后​树倒了​北大楼前的草坪​长出了蘑菇,1
1_297,台风过后路上还倒了一颗树南京,1
1_298,台风过后梧桐大道全是梧桐叶一点都不好看近期还是不要来打卡了,1
1_299,贝碧嘉走了感谢工人们一早就在辛苦工作整理残枝断树,1
1_300,台风过境全城闷热如笼冒着瀑布汗在休假看上班的动物结果没几个在上班台风过后:才开源可能:来的时候能看到动物比较活跃吧大中午的能看到的动物很少,1
1_301,台风贝碧嘉过后的东南大学梧桐树听说倒了七颗好心疼希望可以再扶起来六朝松安好,1
1_302,台风过后大自然的痕迹今天的南京最忙的要数环卫工人城管交警了,1
1_303,贝碧嘉过后的无锡,1
1_304,台风过境后的城市贝碧嘉台风台风贝碧嘉,1
1_305,经历过昨天的级台风彻底对大落地窗沿海城市祛魅了无锡还不邻海周边只有个太湖,1
1_306,台风来无锡了太阳能走了,1
1_307,无锡有史以来经历的最严重的一次台风整个城市遭遇了暴风雨的洗礼满目疮痍全市人民正全力以赴恢复如新也体现着这座城市的高城市化水平,1
1_308,记录吧就现在贝碧嘉台风台风来了,1
1_309,台风贝碧嘉于年九月十六日途径无锡于日离开这是凌晨四点的无锡是台风离开无锡的第三个小时雨停了留下的是一片残值落叶愿雨过天晴愿一切经修缮能恢复如初祝好,1
1_310,街道轻伤但颜值飙升——断枝成了天然装饰,1
1_311,台风过后心疼我的小电驴一秒还好没坏,1
1_313,台风过境晚上下个楼看到一颗树倒了,1
1_314,早上出门拍了一圈很多树都被吹段了路中间停了很多进水熄火等待救援的车,1
1_315,台风过后空气还是很好的下来散步附近的公园几乎没什么损失仅仅只是有些树歪了,1
1_316,看地面已经是比较整洁的状态了小区物业和外部环卫工人已经初步打扫和整理了一番,1
1_317,台风贝碧嘉过境后我心爱的枇杷树都被吹断了,1
1_318,谁懂啊断枝清扫后街道竟然比灾前还干净因祸得福,1
1_319,轻度灾害的浪漫阳光透过断裂的树冠在歪斜路牌上投下斑驳影子,1
1_320,树我断几根枝路我裂几道纹人类问题不大拍照发圈,1
1_321,城市管理人民路号行道树断枝悬空路牌螺丝松动求速修,1
1_322,台风贝碧嘉肆虐后绿化清理修复工作量大大通路无锡,1
1_323,市政效率好评上报小时歪路牌扶正了断枝也运走了,1
1_324,昨天今年第号台风贝碧嘉肆虐无锡大树折断倒下到处能看见忙碌的绿化养护工人在伐砍处理这个中秋节变成了劳动节鸿桥路无锡继续每日一个瞬间表情,1
1_325,邯郸校区一片大片被台风吹下的梧桐叶心疼,1
1_326,贝碧嘉台风的威力还是被低估了虽然到常州减弱了但是还是完造成了很大的破坏,1
1_327,小区里树也倒了不少路上是厚厚的树叶,1
1_328,出去买菜也就米一路都是倒下的电动车树门牌还有交通指示牌,1
1_329,我勒个省常中啊天要亡你你不得不亡啊先天台风圣体,1
1_330,真是随处可见折枝的大树甚至很多被连根拔起暂时没听到伤亡不幸中的大幸,1
1_331,一场台风吹倒了多少棵树,1
1_332,轻度灾害后遗症走路得玩避开断枝读懂歪路牌的解谜游戏,1
1_333,贝碧嘉砸了百年老店的招牌bushi,1
1_334,台风过境后的停电日速溶终于有了用武之地常州贝碧嘉,1
1_335,台风过后的常州不知道多久能复原有些人的口袋是不是又要鼓鼓的了,1
1_336,常州你还好吗,1
1_337,开门一看还给送物资了么你们都收到哪些天外来物,1
1_338,作为一个山东烟台莱阳人对此表示深切的慰问,1
1_339,昨天台风蝴蝶过境赣州把我的男神都给吹倒啦不是调侃我小时候真的超级喜欢猪猪侠现在也喜欢我很爱他,1
1_340,北海被蝴蝶亲吻后的奢侈路况,1
1_341,蝴蝶走过的痕迹太猛了好几年的树屹立不倒台风前也修理过这次全军覆没,1
1_342,浅浅的了解一下蝴蝶的威力吧,1
1_343,台风台风蝴蝶海南台风,1
1_344,蝴蝶飞过之处无不满目狼籍对于植物来说这是一场无差别屠杀而对于人类来说是警告也是考验吧,1
1_345,台风蝴蝶过境三亚从前天下半夜就开始狂风大作暴雨倾盆昨天上班路上残枝遍布雨伞根本不起作用我的鞋子早已湿透只好穿着拖鞋走来走去公司一楼的卷闸门被吹破用横杠顶住狂风,1
1_346,三亚台风过境幸而没有停电丝毫不影响继续搬砖周五了但我持续搞到晚上点才下班这几天头都有点痛不知道是空调吹的还是颈椎出了问题,1
1_347,台风蝴蝶过境发现我的小电驴被吹倒了,1
1_348,蝴蝶过境公园步道全是掉落的树枝树叶,1
1_349,台风蝴蝶过境后遗症我的菜园全军覆没台风来了我的菜园子,1
1_350,台风蝴蝶｜一觉醒来绿野仙踪了,1
1_351,来都来了就去见识见识台风吧～这是第四次来海南了之前三次都是风和日丽海天一色从来没有见过台风的内陆人还是很兴奋的尤其是看到巨浪滔天的时候虽然影响了原定行程安排但是旅行嘛就是要去见识没见过的风景,1
1_352,在三亚遇见年首场台风同内陆人不过已经被吓跑回家了,1
1_353,哪怕只有七级那也是很可怕的,1
1_354,楼下的莲雾树这就是传说中的广东遍地黄金吧硕果累累的季节台风台风蝴蝶,1
1_355,号一早起来毫无感觉风平浪静的样子到了点多开始狂风暴雨住在顶楼的我当时真的害怕极了就怕这豆腐渣工程的玻璃扛不住点半左右感觉楼都在晃急忙穿上衣服下到楼过道呆着足足呆了小时终于风雨小了点战战兢兢的回去开门的瞬间整颗心都放下来了一切完好保佑,1
1_356,晚点出门觅食道路两旁有一颗树都被吹倒了然而今天蓝天白云的天真的让我有种错觉仿佛昨天就想一场幻觉,1
1_357,台风过后满地的树叶素材live图台风,1
1_358,来过又走了,1
1_359,台风蝴蝶的威力我的木瓜全都没了,1
1_360,台风过境树木折腰大自然发威时人类才懂自身渺小愿受灾之处早日恢复生机折腰台风台风蝴蝶自然灾害,1
1_361,在大自然灾害面前一切都显得那么渺小,1
1_362,天津昨天的大风,1
1_363,天津今天大风天大家注意安全,1
1_364,天津大风天实拍没有一个立着的自行车,1
1_365,天津梅江的风吹倒的树砸的车,1
1_366,天大这风如你所愿,1
1_367,下午一点十几的时候游完泳回来路过海小棠雕塑那条路突然想记录一下大风就拍了一段视频没想到两点左右在集市里看到海小棠前面的树已经被吹折了,1
1_368,刚刚清华大学内风力貌似超过了级有树枝被吹断来自中气爱摄影群WangKuanghaoWD这波狂风暴雨是快行冷锋带来的雷雨来的快去的也快请北京南部和天津的朋友注意安全,1
1_369,今天全市条地铁高架线路全线停运条地铁区段停运共涉及座车站,1
1_370,北京极端大风电动车全倒了,1
1_371,级没感受到目前就人走路上没影响刮来刮去蓝天白云有了杨絮都不见了,1
1_372,都变歪大街了,1
1_373,天都刮飞出去了,1
1_374,树我先躺了芜湖昨晚大风疑似这棵树成最大受害者,1
1_375,可怜的树树这是连根拔起了么,1
1_376,宁波台风,1
1_377,杭州湾这次台风不小啊树连根拔起湖水眼看着也是涨了,1
1_378,台风过后的学校是真的看着难受啊,1
1_379,海岛人从小经历大大小小的台风这次也是真的怕怕风眼所到之处满目疮痍断水断电无信号,1
1_380,康妮已经往浙江去了但是一晚上的折腾还是让很多树木折了腰可怜今天预计还有大到暴雨风力也不小外出的朋友要注意安全,1
1_381,台风过境下楼走了一圈树倒了好几棵一地落叶​​捡了俩柚子,1
1_382,贝碧嘉离开后这些刚种的小树好惨不过还好没吹断只是歪了,1
1_383,出门之后发现一排排睡的很安详的电动车停在路边的汽车都基本没被压到但是吹倒了很多刚移栽过来的小树看来物业要有的忙了,1
1_384,还是过于乐观了还是压倒一些栏杆之类的,1
1_385,这次台风泉州刚正面小区基本树都倒了装修还未入住一直担心花园排水和窗户是否OK还好只有一扇窗户有渗水进来其他都没事,1
1_386,发现大家都是走到一颗断树前就会拍两下走到一颗断树前就会拍两下orz,1
1_387,昨天在宿舍一天不敢出门今天早上太饿了出来觅食看着走过的学校的一角却已是千疮百孔台风真的很可怕直挺挺的大树连根拔起满地绿叶而不是落叶刮碎的门窗中秋本是团圆日奈何台风摧毁家风雨后晴空临愿世人平安,1
1_388,这台风把南康爱琴海的树都吹倒了,1
1_389,真的感觉好几秒震感强烈温江地震,1
1_390,想着大水退下后去看自己的店真的是欲哭无泪啊我本来保持那么干净的卫生我的设备我的耗材都泡在水中我墙面被水泡到都起皮了,1
1_391,得把冰箱里面的东西都清理不然到时候在里面发臭我的心真的在滴血我欲哭无泪本来今年就因为一直下雨我又因为照顾孩子没开门到处发霉处理过一次这次更是直接把我整个店都泡在水里,1
1_392,蝴蝶过后家里一楼浸水了车放在房子外面的请问这车还能要吗儿子店修完会不会有很多问题注意行车安全雨水为你遮风挡雨的车子,1
1_393,怀集洪水过后,1
1_394,洪涝过后的世界如洗劫一空又似焕然一新洪水冲走了污秽也留下属于它的脚印～阳光穿过树叶浮出一点光亮也能给人心安～,1
1_395,歙县洪水过后昨天和所有的团队伙伴过去歙县帮忙清理早上:到达歙县新安路与徽州路交叉口到达的路上看到好多的商户都在奋力的清扫店内的淤泥将店内各种设施转移到门口,1
1_396,顺着石马河从塘厦东浦段往上走一路泥泞停靠河岸的汽车都泡过澡工厂开始组织员工清理垃圾交通拖车来回往返拖走泡水车一次一台车估计要拖好多天,1
1_397,我们小区塘厦河边的淹的好惨紧急抢修了电昨天才恢复了水电梯还没有住高层没电梯真的好惨,1
1_398,城市已恢复昔日的宁静只留下被破坏的城市设施被淹坏的房屋遗失的财产以及奈何天公不作美的泪水,1
1_399,干了三天初见成果,1
1_400,三峡大学也太吓人了大雨过后,1
1_401,地上全是被折断的树枝还好没有砸到人寝室架空层自行车几乎全倒了甚至消防箱都倒了地上全是积水能没过脚踝甚至听说文科楼有教室窗户玻璃都碎了求索溪水都黄了真吓人,1
1_402,雨过天晴洪水退去大地恢复了平静记录我的城市桂林水灾,1
1_403,洪水退去留下好多塑料好在街道已经清理的差不多了,1
1_404,洪水过后第三天,1
1_405,清理效率太慢了为什么就不舍得从外地多抽调人手车辆来清理这垃圾这样堆着可不是开玩笑容易引起疫情的啊,1
1_406,台风很大家里积水了断更一阵儿,1
1_407,月号一切都很正常从凌晨开始下暴雨点开始山体滑坡图片只是仅仅的一小部分还有很多很多大量的降雨树倒了路冲了村庄被淹被冲走经历了打电话一直联系不上无敌担心后来听家里人讲了现场的惊险情况危险东江大坝泄洪了次水位已经突破了新高度°,1
1_408,家里积水了希望能够得到解决,1
1_409,本人南水北调移民到武汉市东西湖区新沟镇荷花社区连港村四大队因最近暴雨导致家里电器全部被淹化粪池水倒灌气味难闻且安全卫生问题存在隐患给生活造成极大不便村里干部也对此事不闻不问希望zf相关部门能到此处解决一下万分感谢,1
1_410,月日洪水过后的桂林,1
1_411,暴雨两小时街道水浸沿街水位到达膝盖,1
1_412,怀集家里 已经买皮艇备下次,1
1_413,大雨过后泛车烟波看晚霞宝丰湿地门口这段环湖东路必淹洼地哈哈哈这几年的解决方式就是路边划了个位置给防汛车停着啥时候淹啥时候动起来,1
1_414,一场暴雨让周边都积水了我出去挪车发现有人在疏通下水道排水于是我不好意思地加入帮了一下忙水很快退了车也不挪了,1
1_415,大水过后店里好多泥沙呀,1
1_416,街道上全是满涨的水排不下去有的地方断电有的地方着火很多树受伤了不知道有没有人因此受伤大自然拥有的是绝对力量凡人只能心存敬畏,1
1_417,冰雹过后的街道狂风吹断了许多树,1
1_418,今天中午骑车去上课结果号场门前的树就这么倒了路灯也被砸坏了,1
1_419,江安的树经常倒一几年的时候有一天晚上保安亭都被吹倒去西南门那条路两边的树全折了,1
1_420,其实有时算是人祸以前都有灌溉渠或者排水沟现在修路盖房把这些排水的填盖掩埋了,1
1_421,一阵狂风暴雨后马路又特别安静我仿佛内心也安静了很多人总得焦虑但是不能过三这里是三天剩下的看开随遇而安没有什么大不了,1
1_422,台风过后世界仿佛经历了一场洗礼曾经肆虐的狂风已悄然离去留下的是一片破败却又充满希望的景象,1
1_423,前一秒还晴空万里下一秒级大风＋雷电＋暴雨＋冰雹在实验室里窗户都被吹的发颤看群里同学发的照片树都被连根吹起好多棵柏油路都被掀起可怕拍这两张图的同学堪称战地记者了,1
1_424,公园了满地的落叶感觉更好看了草地看着更绿了但交通还是有点受阻,1
1_425,台风把路灯都吹坏了,1
1_426,哈哈我来抛砖引玉献丑了各位连日暴雨注江南乘风架露采梅甘满枝嫣红零落半一地杨梅红欲燃,1
1_427,暴雨过后阳台好几盆盆栽倒了花瓶也碎了,1
1_428,直到傍晚六点椰子树开始疯狂甩头雨势陡然加剧十米之外的建筑迅速模糊台风猛烈撞击玻璃仿佛随时要破窗而入,1
1_429,昨晚我爬了不知几千级台阶回家瘫倒在床听风在窗外咆哮,1
1_430,树倒了停电了房间也进水了玻璃感觉随时要被冲破的感觉,1
1_431,我随几张,1
1_432,我感觉公区的话文华比柏悦好,1
1_433,我最爱的行政俱乐部啊啊啊,1
1_434,很好奇海南每年都有台风这不是每年都得修一次,1
1_435,啥都没玩到就纯住了两天,1
1_436,台风过后的希尔顿剑鱼,1
1_437,同在希尔顿酒店今天走不了明天也走不了,1
1_438,啊 我最喜欢公区了马和鹅和羊驼活了吧,1
1_439,文昌目前有太阳没下雨,1
1_440,外卖已经恢复了现在最难的是道路清障大马路应该不是问题我这边巷子外头是锯树的声音,1
1_441,身在新乡心在三亚台风过后的场景触目惊心,1
1_442,植物得恢复一段时间海边应该差不多,1
1_443,剑鱼过后的JW娱乐设施都没有了,1
1_444,我还买了券准备住的看来可以退了换酒店了,1
1_445,这要多久才能恢复呀,1
1_446,树木倒了好多好可惜呀,1
1_447,剑鱼走后好多椰子呀,1
1_448,剑鱼台风过后海棠湾酒店现状,1
1_449,昨晚太吓人了各种鬼哭狼嚎声,1
1_450,剑鱼太厉害啦街上招牌防盗网都吹跑咯,1
1_451,台风剑鱼过后是度假还是渡劫,1
1_452,楼下有人喊快回去别出来太危险了,1
1_453,兵哥哥出来为人民服务了辛苦了剑鱼海南台风,1
1_454,中国政府在处理天灾方面有着无与伦比的能力和优势必然放心,1
1_455,来三亚一年多经历过个台风了这次是感觉最厉害的上次的蝴蝶预计经过这里后面改道了再之前的摩羯主要影响地是文昌海口对三亚影响也不大,1
1_456,从十一点下到四点半五个小时的暴雨满足了广州看不到的海的遗憾,1
1_457,我舅他们选择把电瓶车吊起来放因为家里也没法放,1
1_458,深圳暴雨今日月日龙岗河涨水,1
1_459,深圳土生土长二十几年第一次遇见这么严重的水浸希望一切顺利龙岗和罗湖友友们加油,1
1_460,心疼三亚园林局,1
1_461,有木有人在市区啊去吃老爸茶受影响吗,1
1_462,剑鱼是真猛啊台风来了大家注意安全台风全国多地遭暴雨台风来啦愿少一点天灾人祸局部地区降雨,1
1_463,今天还是什么都没开放风还是很大很大这次旅游来看台风了,1
1_464,剑鱼过后的阿罗哈无边泳池,1
1_465,剑鱼过后酒店团队好不好大家心里都有数了,1
1_466,首先这场偶遇的台风真是给我上了一课大自然一定要怀揣敬畏之心太震撼太可怕台风日入住莱佛士提前帮忙办理入住没断水没断电酒店内各项运营整体平稳,1
1_467,第二天的早餐本以为会不会品种受到影响但一切正常供应由于就餐时间比较集中延长了用餐时间也一直在补充,1
1_468,酒店清理的非常快下午很多位置都干净了也扶起了几棵大树了,1
1_469,陵水莱佛士没断水断电真不错刷到很多陵水的地方都停电了呢,1
1_470,园区拍照没问题泳池有点悬哟感觉还要维护一下沙滩目前也没有开放呢浪比较大,1
1_471,刚刚下楼看已经清扫出来不少地方了工程车也在植树放心来吧,1
1_472,前几天那个绿植可好看了今天呵呵看了想哭,1
1_473,: 这酒店废了这个树不是一时半会能弄好的,1
1_474,天哪刚回来住的一楼,1
1_475,我在泳池房当时正看外面风景突然树枝掉泳池里了,1
1_476,在自然灾害面前生物都太脆弱了多希望这只鸟妈妈能带着她的宝宝躲起来啊可她们能躲到哪儿去呢,1
1_477,台风过后需要多少人力财力来恢复或重建原来风调雨顺国泰民安从来都是老百姓最朴实最真切的祈愿,1
1_478,剑鱼过后亚龙湾沿海酒店片区现状,1
1_479,奢牌酒店一夜变成未开发区,1
1_480,我刚回来基本都恢复都差不多了,1
1_481,台风过后满目疮痍但海岛和沿海人民脸上不见愁容只有重建家园的笃定和生生不息的乐观——这大概就是最坚韧的生活主义,1
1_482,剑鱼走后啥树都倒了就椰子树这么坚强,1
1_483,椰子树还是离海边这么近的三亚湾风太大了不让靠近想赶海都不行了,1
1_484,前几张都是喜来登的大堂还好有个走廊窗户掉下来了,1
1_485,台风后海棠湾海滩好多,1
1_486,剑鱼过后亚龙湾估计要修复一段时间,1
1_487,月底希望可以恢复好,1
1_488,我住的地方感觉已经比其他酒店好多了,1
1_489,三亚剑鱼三亚台风,1
1_490,台风剑鱼过后的保利栖山雨茗和伴山臻悦,1
1_491,今天来来保利栖山雨茗工地检查封窗也正好帮对面伴山臻悦的客户看一下小区台风过后的情况,1
1_492,保利栖山雨茗和伴山臻悦都有轻微的损伤,1
1_493,台风剑鱼之后的三亚崖州湾,1
1_494,感觉这些树都没种多久这应该扶起来还能活吧不然太可惜了,1
1_495,工作人员都在努力抢修了还原美貌还需要几天,1
1_496,级台风经过三亚留下的到处是东倒西歪的大树希望能早点重建家园,1
1_497,剑鱼过后友友们还好吗,1
1_498,这边的小区市电陆续恢复了应急用电车撤走感谢这些默默无闻的幕后工作者感谢市政供电物业管理公司的领导们和工作人员,1
1_499,我今天各大夜市去了一遍都不能开留了鲜芒夜市旁边大叔的微信说明天开了的话喊我,1
1_500,刚去了乐天城他们有开好多家店,1
1_501,看预测今天中午就没问题了这会儿风已经小好多了,1
1_502,好多大树都倒了好可惜啊,1
1_503,昨晚七八点那个风差点给阳台刮跑了楼都在晃在家都瑟瑟发抖,1
1_504,台风过后的半山半岛洲际,1
1_505,每一次经历台风都觉得活着就好所在区域风力不算大都这样别的区域更是可怕呀,1
1_506,风大的时候窗户门都感觉要开了楼也在摇晃真的是吓人,1
1_507,坐标清水湾高尔夫目前高尔夫附近到大坡村商业全部停电清水湾大道有积水封路正在清理路面大家谨慎出行～,1
1_508,台风虽然吹倒了不少绿植一片凌乱但也让平日里不被注意的自然宝藏现身啦,1
1_509,剑鱼过去后的陵水昨晚在酒店只感觉风大雨大今天出门看到连根拔起的树木一片街道才真正感受台风的威力,1
1_510,感觉这次台风太猛了绿植都被刮得不成样子,1
1_511,喜来登我住层房间没特别大问题就是阳台进了点水昨晚停过一阵电,1
1_512,​晨起风雨小了推开门满眼是忙碌的工作人员有序地进行着清扫整理工作,1
1_513,剑鱼后的亚龙湾希尔顿,1
1_514,住在海边小区尊嘟吓惨了楼都在晃,1
1_515,从小看到大的树竟然被剑鱼吹倒了没水没电没信号真是过上原始生活了,1
1_516,被拦腰折断的电线杆长这么大体验了一把级的台风还好没有在三亚市登陆想想就害怕第一次在酒店阳台留守怕玻璃被吹倒,1
1_517,看好天气兵哥们极限抢修道路好在现在已经恢复正常,1
1_518,不能下水真的蛮无聊的孩子沉迷于抓娃娃和打游戏硬被我拎出去溜达了几圈看一下掉落的椰子和还不能下水的海,1
1_519,唯一的室内活动是spa晚饭少少的喝了一点有点想念可以从早喝到晚的金普顿,1
1_520,突发强对流天气浙师大好几棵树被吹到了其他都没什么问题,1
1_521,大风过后浙师大,1
1_522,我路过时候也看到了太吓人了根本想不到是风给刮的,1
1_523,受冷空气影响余杭区今天有级大风刚才把家里所有窗户都关上听到外面风声呼呼的外面电动车路牌都被吹倒了,1
1_524,摆摊这么久终于还是遇上一次了捡了半天还好东西都不是易碎品收收捡捡还能卖就碎了几个小花瓶,1
1_525,强暴风雨后杭州的街面上到处都断枝倒树,1
1_526,杭州市突然狂风大作暴雨倾盆这是一些人胡言乱语说杭州热说杭州不是宜居城市创天终于发怒了就这样,1
1_527,今天月日中午强暴风雨袭击了杭州市区雨后杭州的街面上到处都断枝倒树完全把路都给堵上了,1
1_528,心疼车主降温mins的代价过于大这下真成龙卷风摧毁停车场了,1
1_529,因为大风预警昨天的北京菜市场瞬间被扫货电商配送预约到了半天以后园林部门抓紧砍伐枯树那些长树枝被修剪掉很多商场的地下停车场免费停车这感觉堪比南方沿海城市台风登陆前的临战状态,1
1_530,一阵一阵的一会没风一会突然咆哮一声,1
1_531,太原今天风超级大注意安全,1
1_600,桦加沙一夜风雨过后路上还能看见台风走过的痕迹,1
1_601,桦加沙台风后的澳门大学,1
1_602,基础设施基本没受影响看出来这会做好了准备,1
1_603,倒的都是新树全部都是没发根的,1
1_604,啊可怜的树树,1
1_605,还是有一些小树倒了的,1
1_606,fss牌子倒了吗,1
1_607,台风过后的沙滩彻底卸妆了放眼望去全是海洋送来的礼物,1
1_608,大海想告诉我们什么或许是我们丢出去的终将回到我们脚下这片沙滩今天格外沉默用镜头记录下这比滤镜更真实的一幕,1
1_609,金致援琼护窗公益行动|你家门窗真的安全吗,1
1_610,一大早看到阳台整面玻璃被吹倒后满目疮痍的客厅楼下随处可见的掉落的玻璃和各种碎片,1
1_611,长沙今晚的大风掀翻了一排电动车,1
1_612,住海边几年了发现台风对海乐阁庆华国际酒店对出和拱北路段影响最大这一次我喜欢的巧克力花树损伤了,1
1_613,台风时也有海水进入海边栏杆也有些损坏,1
1_614,近日台风贝碧嘉以惊人之势横穿上海带来了一场前所未有的风暴体验,1
1_615,树倒了不少只找到大黄在外面晃悠那就逮着大黄使劲撸吧,1
1_616,台风过后老树都倒了小区痛失快递柜一个我的快递取不出来了,1
1_617,虹口还行没什么大的损失就吹断了一些树枝,1
1_618,江湾光华餐厅没有吃的门都碎啦想买饭吃的朋友只能去全家了,1
1_619,复旦这边的小梧桐树被吹倒了不少,1
1_620,园区有棵树被吹倒了直接拦在路中间了哈哈,1
1_621,昨天的风还是很大的早上看见公交车站的小树都倒了,1
1_622,下午时分出门逛gai小区门口的小树倒了,1
1_623,一场台风就是一场运动一棵树就是一个人活下来的不见得是强者倒下去的可能是弱者也有可能是精英,1
1_624,小区路上全是大风吹下来的花和树叶,1
1_625,台风前脚刚走我们后脚便迫不及待出门狂风后街上都是落叶黄浦江怒涛涌动污浊不堪,1
1_626,由衷佩服上海的重建速度前后不到小时环卫工人们便将街道清洁路上排水系统也运作良好,1
1_627,今天台风过境地铁站旁边倒了几棵树晚上就已经在修复了工作人员真是辛苦了,1
1_628,内陆人第一次在上海经历大台风风刮树倒人也跑台风的破坏力真是不容小觑,1
1_629,城市里很多树木被吹折目前一部分树木还在清理当中,1
1_630,台风过后行道树上大的断枝影响交通和安全的会由绿化应急队伍处理小的断枝环卫工人协助清理,1
1_631,台风后的复旦有人骑车骑着骑着就摔倒了路上一地断枝落叶工作人员疲惫不堪,1
1_632,被B的风还是吹爆了复旦,1
1_633,昨日复旦大学驴背诗思骑在驴上经历台风贝碧嘉后掉落地上,1
1_634,内地学生第一次零距离接触台风大概在下午点风息雨霁天色渐暗华灯初上台风的嘶吼早已被屋外的蝉鸣替代从未感到校园如此寂静祥和仿佛一切都从未发生过只有断裂的树枝和倒下的单车还在诉说着什么,1
1_635,台风过的复旦校园南区很多树都被吹倒了,1
1_636,台风过后学校到处是断裂的树枝,1
1_637,复旦大学贝碧嘉台风来了,1
1_638,风太大了打着伞然后就倒了,1
1_639,会随机掉落被B吹出来的小石头小树枝八宝粥的包装盒凸起的井盖,1
1_640,自己的电动车放校门口结果没倒也没被砸乖乖巧巧的立在那里道路已经被清理出来了五号门附近的树叶子被堆在一旁一路骑过去满满的树汁味香香的先材楼前的电动车有倒下的但是感觉损失最严重的是大家的头盔,1
1_641,台风后的复旦猫宝宝们干干净净毫发无损知道躲风躲雨的小猫,1
1_642,树都吹断了但为了实验直面台风台风科研,1
1_643,华理直面台风森林其境了,1
1_644,实验楼旁边大道南北的风感觉比东西的风大一点路上都是掉落的树枝树叶,1
1_645,三号路倒了三四棵梧桐树水杉林右侧倒了一颗左侧连倒棵学校行政部老师一觉醒来发现天塌了,1
1_646,台风后的校园受伤的只有树,1
1_647,台风过后的广东海洋大学阳江校区倒塌的树木随处可见,1
1_648,广海特色了别问问就是每次都这样习惯就好,1
1_649,又来台风了感觉广东海大每年的学费都用来弥补台风带来的损失了,1
1_650,台风后的校园到处都是掉落的树枝还得辛苦各位台风后清理现场的大叔大姨们了,1
1_651,树看看我模仿迈克尔杰克逊度角倾斜得像不像,1
1_652,台风按下暂停键我们按下重启键台风来了珠科正在修复,1
1_653,台风对学生的生活还是很大的影响的校区交通很多树枝好多人都被绊倒了,1
1_654,受外围影响厦门昨晚也是风雨交加风大雨大一大早就发现好多残枝树干掉落一地,1
1_655,台风杨柳过后的厦大树枝树叶到处都是幸好只是风大雨大影响范围不大,1
1_656,第一次参观岭南师范学院刚好是台风后有些树木倒了不过百年品牌的历史底蕴还是让人感到舒适,1
1_657,台风后的学校以及突然生病的我,1
1_658,台风过后校园所到之处都是掉落的树枝害大家都在缝缝补补,1
1_659,我们不过是在荒诞的世界里找到一点生的意义飞舞的树叶吹落的树枝折断的树干汹涌的湖面肆虐的大风不尽的留恋,1
1_660,暴风雨过后的南医大环卫工人要辛苦很久了,1
1_661,上着语文课外面突然很黑很可怕树倒了很多我们下午都待在宿舍有的男生在狂欢不穿上衣跑回宿舍,1
1_662,好多树倒的已经被扶起来了很多工人在锯断掉落的木头和折断的树枝,1
1_663,不仅外卖柜倒了文化广场的BFSU也倒了,1
1_664,妖风大作系列待在学院瑟瑟发抖心疼一波在楼下的电动车和自行车以及窗户大开的宿舍,1
1_665,贝碧嘉早上登陆上海确实风雨很大楼下的树被吹倒了不过据说这是个子弹型台风跑得非常快现在台风眼已经到达青浦马上离开上海了,1
1_666,当时街区的整个绿化带被吹倒有的树虽然没倒但树干直接被吹裂了图可想而知当时的风力有多大,1
1_667,台风走了看看台风对你城市的破坏痕迹吧,1
1_668,位置昆山台风之后我的小区倒了很多树台风来了台风贝碧嘉,1
1_669,有个问题昆山台风路边的树ZF会管那小区里的树呢,1
1_670,这要砸到了怕是有点疼哦我的城市刮起了大风这城市风总是很大这天气翻脸比翻书还快不被大风吹倒,1
1_671,昨天呼呼刮了一天的风噼里啪啦的雨今天出门一转小区好多树都倒了台风来啦惠州小径湾,1
1_672,小区里的树怎么这么脆皮,1
1_673,前天下楼倒垃圾孩子看着没雨还想出门玩被我连忙叫回来那风呼呼呼估计人都要吹跑了,1
1_674,台风过境了楼下电动排排倒而且是不是信号都很差啊微信想找人聊天发出去都不回我了要不就是聊着聊着没消息了,1
1_675,露台最怕的风呀还要吹多久,1
1_676,台风竹节草过后的南通,1
1_677,三峡大学地上全是被折断的树枝还好没有砸到人寝室架空层自行车几乎全倒了,1
1_678,坐标浙大今天的大风导致大草坪上的一颗柳树直接拦腰折断太惨啦,1
1_679,台风登陆宁大科院树被吓倒了,1
1_680,这风号台风丹娜丝太厉害啦提前招单招向往的大学生活北方人去南方上学大学生校园单考单招浙江东方职业技术学院,1
1_681,中大倒了好多大树大家的单车电鸡还好吗,1
1_682,今天中大的雨下的有多大南校校道都被淹了我在中大看到黄河了广州增城番禺发布雷雨大风红色预警信号然后中大东校大学城校区的校牌中山大学的大被吹倒了只能看到中山学了台风天气大家注意安全哦,1
1_683,看起来像吹倒的中山大学台风,1
1_684,台风桦加沙登陆第一天珠海中山大学真实现状,1
1_685,等雨好不容易消停了我出门拿外卖发现学校里粗壮的老树被连根拔起好可惜才意识到这场突如其来的雨的威力然后看到已经有很多工人在打扫清路真的蛮辛苦的,1
1_686,栋这边也有树倒了,1
1_687,在家闷了一天取消五停后出来转转五山华工,1
1_688,当时正在图书馆厕所里自由飞翔真切体会到两股一紧台风来了华南师范大学注意安全,1
1_689,我雨伞还给吹跑了在读吧门口找到的我服了吹了那么远图书馆外面的树也倒得很离谱粗粗的直接拦腰斩断,1
1_690,华师体科院一楼的玻璃被吹坏了大家路过的时候注意安全,1
1_691,宿舍楼下倒了一棵小树横在小路中间,1
1_692,雨一阵阵的现在好像停了风也停了倒了好多树叶子都落地上了特别乱好多车都倒了万幸小猫小狗都没事,1
1_693,台风后宿舍区空无一人北区食堂开了吗中午没吃饭呢,1
1_694,都在床上躺着呢什么时候能上课啊,1
1_695,内陆的孩子第一次见台风其实目前也还好就是很多树枝吹断了车车倒地,1
1_696,妈呀我停在食堂门口的小车希望我的车没事,1
1_697,满地都是叶子车棚的车车还是很稳妥的,1
1_698,我勒个豆这天去食堂干饭是狠人,1
1_699,这个台风太猛了吧大学城中心湖一棵多年老树被残忍地刮倒,1
1_700,这棵树很久的了着这样被台风吹倒了,1
1_701,这些照片是中午点到点在广外南校区拍的广外在大学城东北部风吹来时首当其冲此时正是桦加沙离大学城最近的时候不过实际上造成的破坏远没有想象中大,1
1_702,华农教四被吹断的树,1
1_703,风可太大了雨也大我们军训着呢刚躲到看台上巨大发雨就扑过来了浑身湿透,1
1_704,拿什么来拯救你～澳大的小树苗台风后的澳大,1
